,pricing,size,address,link
0,"$1,179,000","5 bds5 ba2,240 sqft - House for sale","50 Barbey St, Brooklyn, NY 11207",https://www.zillow.com/homedetails/50-Barbey-St-Brooklyn-NY-11207/30636718_zpid/
1,"$110,000","Studio 1 ba2,400 sqft - Apartment for sale","7416 20th Ave, Brooklyn, NY 11204",https://www.zillow.com/homedetails/7416-20th-Ave-Brooklyn-NY-11204/30705737_zpid/
2,"$275,000",4 bds1 ba-- sqft - Condo for sale,"595 Franklin Ave APT 3R, Brooklyn, NY 11238",https://www.zillow.com/homedetails/595-Franklin-Ave-APT-3R-Brooklyn-NY-11238/245066787_zpid/
3,"$250,000","6 bds3 ba2,630 sqft - Multi-family home for sale","3017 Brighton 7 St #1-2, Brooklyn, NY 11235",https://www.zillow.com/homedetails/3017-Brighton-7-St-1-2-Brooklyn-NY-11235/2061726388_zpid/
4,"$650,000","3 bds2 ba1,040 sqft - Condo for sale","3814 Shore Pkwy #3C, Brooklyn, NY 11235",https://www.zillow.com/homedetails/3814-Shore-Pkwy-3C-Brooklyn-NY-11235/82770594_zpid/
5,"$579,900","3 bds2 ba1,540 sqft - House for sale","4310 Clarendon Rd, Brooklyn, NY 11203",https://www.zillow.com/homedetails/4310-Clarendon-Rd-Brooklyn-NY-11203/30661963_zpid/
6,"$599,000","3 bds2 ba1,000 sqft - House for sale","5310 Avenue L, Brooklyn, NY 11234",https://www.zillow.com/homedetails/5310-Avenue-L-Brooklyn-NY-11234/30763267_zpid/
7,"$649,000",6 bds5 ba-- sqft - Multi-family home for sale,"26 Radde Pl, Ocean Hill, NY 11233",https://www.zillow.com/homedetails/26-Radde-Pl-Brooklyn-NY-11233/79718896_zpid/
8,"$670,000",1 bd1 ba-- sqft - Condo for sale,"150 Joralemon St #2C, Brooklyn, NY 11201",https://www.zillow.com/homedetails/150-Joralemon-St-2C-Brooklyn-NY-11201/79721792_zpid/
9,"$110,000","Studio 1 ba2,400 sqft - Apartment for sale","7416 20th Ave, Brooklyn, NY 11204",https://www.zillow.com/homedetails/7416-20th-Ave-Brooklyn-NY-11204/30705737_zpid/
10,"$1,450,000","6 bds2 ba2,653 sqft - Multi-family home for sale","429 Halsey St, Brooklyn, NY 11233",https://www.zillow.com/homedetails/429-Halsey-St-Brooklyn-NY-11233/30604687_zpid/
11,"$4,250,000","4 bds5 ba4,500 sqft - House for sale","7 Arlington Pl, Brooklyn, NY 11216",https://www.zillow.com/homedetails/7-Arlington-Pl-Brooklyn-NY-11216/30610691_zpid/
12,"$1,050,000","3 bds3 ba1,680 sqft - House for sale","2411 E 4th St, Brooklyn, NY 11223",https://www.zillow.com/homedetails/2411-E-4th-St-Brooklyn-NY-11223/30738981_zpid/
13,"$509,000",1 bd1 ba-- sqft - Condo for sale,"2025 Ocean Ave APT 2A, Brooklyn, NY 11230",https://www.zillow.com/homedetails/2025-Ocean-Ave-APT-2A-Brooklyn-NY-11230/2060424794_zpid/
14,"$848,000",3 bds2 ba-- sqft - Multi-family home for sale,"2382 Brigham Street, Sheepshead Bay, NY 11229",https://www.zillow.com/homedetails/2382-Brigham-St-Brooklyn-NY-11229/30747501_zpid/
15,"$200,000","5 bds2 ba1,056 sqft - House for sale","16 Matthews Pl, Brooklyn, NY 11236",https://www.zillow.com/homedetails/16-Matthews-Pl-Brooklyn-NY-11236/30778141_zpid/
16,"$500,000",2 bds1 ba629 sqft - Condo for sale,"458 E 25th St #102, Brooklyn, NY 11226",https://www.zillow.com/homedetails/458-E-25th-St-102-Brooklyn-NY-11226/2064287235_zpid/
17,"$2,788,000","4 bds4 ba3,960 sqft - Townhouse for sale","68 Sterling St, Brooklyn, NY 11225",https://www.zillow.com/homedetails/68-Sterling-St-Brooklyn-NY-11225/30595088_zpid/
18,"$720,000",2 bds1 ba-- sqft - Condo for sale,"130 Saint Edwards St APT 3B, Brooklyn, NY 11201",https://www.zillow.com/homedetails/130-Saint-Edwards-St-APT-3B-Brooklyn-NY-11201/84634246_zpid/
19,"$2,150,000","5 bds4 ba2,400 sqft - Multi-family home for sale","410 Decatur St, Brooklyn, NY 11233",https://www.zillow.com/homedetails/410-Decatur-St-Brooklyn-NY-11233/30606116_zpid/
20,"$2,900,000","5 bds5 ba2,944 sqft - House for sale","2318 Avenue P, Brooklyn, NY 11229",https://www.zillow.com/homedetails/2318-Avenue-P-Brooklyn-NY-11229/30727037_zpid/
21,"$750,000",4 bds2 ba-- sqft - Coming soon,"579 East 84th Street, Canarsie, NY 11236",https://www.zillow.com/homedetails/579-E-84th-St-Brooklyn-NY-11236/30766964_zpid/
22,"$2,788,000","4 bds4 ba3,960 sqft - Townhouse for sale","68 Sterling St, Brooklyn, NY 11225",https://www.zillow.com/homedetails/68-Sterling-St-Brooklyn-NY-11225/30595088_zpid/
23,"$189,000",1 bd1 ba800 sqft - Condo for sale,"1170 Ocean Pkwy #F4, Brooklyn, NY 11230",https://www.zillow.com/homedetails/1170-Ocean-Pkwy-F4-Brooklyn-NY-11230/2067950397_zpid/
24,"$1,895,000","4 bds3 ba2,436 sqft - Condo for sale","24 8th Ave APT 1B, Brooklyn, NY 11217",https://www.zillow.com/homedetails/24-8th-Ave-APT-1B-Brooklyn-NY-11217/245046832_zpid/
25,"$350,000","3 bds3 ba1,200 sqft - House for sale","595 Glenmore Ave, Brooklyn, NY 11207",https://www.zillow.com/homedetails/595-Glenmore-Ave-Brooklyn-NY-11207/30638650_zpid/
26,"$969,000","3 bds2 ba1,890 sqft - House for sale","2316 Avenue T, Brooklyn, NY 11229",https://www.zillow.com/homedetails/2316-Avenue-T-Brooklyn-NY-11229/30743413_zpid/
27,"$525,000","1 bd1 ba5,500 sqft - Condo for sale","85 8th Ave #4, Brooklyn, NY 11215",https://www.zillow.com/homedetails/85-8th-Ave-4-Brooklyn-NY-11215/30586862_zpid/
28,"$599,000","3 bds2 ba1,250 sqft - Condo for sale","2928 W 5th St APT 6P, Brooklyn, NY 11224",https://www.zillow.com/homedetails/2928-W-5th-St-APT-6P-Brooklyn-NY-11224/245016908_zpid/
29,"$2,395,000","4 bds4 ba2,505 sqft - Townhouse for sale","1449 Dean St, Brooklyn, NY 11213",https://www.zillow.com/homedetails/1449-Dean-St-Brooklyn-NY-11213/30591229_zpid/
30,"$850,000","2 bds2 ba1,320 sqft - Condo for sale","1273 Dekalb Ave #1, Brooklyn, NY 11221",https://www.zillow.com/homedetails/1273-Dekalb-Ave-1-Brooklyn-NY-11221/300076726_zpid/
31,"$1,725,000","4 bds3 ba1,738 sqft - Condo for sale","922 8th Ave #1, Brooklyn, NY 11215",https://www.zillow.com/homedetails/922-8th-Ave-1-Brooklyn-NY-11215/2060986809_zpid/
32,"$1,079,000","2 bds3 ba1,938 sqft - Multi-family home for sale","7023 Ridge Crest Ter, Brooklyn, NY 11209",https://www.zillow.com/homedetails/7023-Ridge-Crest-Ter-Brooklyn-NY-11209/30693023_zpid/
33,"$1,599,000","5 bds5 ba2,500 sqft - House for sale","1445 E 26th St, Brooklyn, NY 11210",https://www.zillow.com/homedetails/1445-E-26th-St-Brooklyn-NY-11210/30755642_zpid/
34,"$1,650,000","2 bds2 ba1,109 sqft - Condo for sale","563 Carroll St #3, Brooklyn, NY 11215",https://www.zillow.com/homedetails/563-Carroll-St-3-Brooklyn-NY-11215/245028191_zpid/
35,"$848,888","3 bds3 ba1,827 sqft - House for sale","1717 E 34th St, Brooklyn, NY 11234",https://www.zillow.com/homedetails/1717-E-34th-St-Brooklyn-NY-11234/30756916_zpid/
36,"$499,000","3 bds3 ba1,210 sqft - Condo for sale","1075 E 72nd St #44, Brooklyn, NY 11234",https://www.zillow.com/homedetails/1075-E-72nd-St-44-Brooklyn-NY-11234/30779982_zpid/
37,"$649,000","3 bds2 ba1,440 sqft - Multi-family home for sale","18 28th Ave, Brooklyn, NY 11214",https://www.zillow.com/homedetails/18-28th-Ave-Brooklyn-NY-11214/30731215_zpid/
38,"$340,000",Studio 1 ba-- sqft - Condo for sale,"130 Hicks St APT LD, Brooklyn, NY 11201",https://www.zillow.com/homedetails/130-Hicks-St-APT-LD-Brooklyn-NY-11201/2060420965_zpid/
39,"$1,650,000","3 bds2 ba1,147 sqft - Condo for sale","250 S 2nd St APT 4B, Brooklyn, NY 11211",https://www.zillow.com/homedetails/250-S-2nd-St-APT-4B-Brooklyn-NY-11211/63054716_zpid/
40,"$999,000","2 bds2 ba1,081 sqft - Condo for sale","401 95th St #2A, Brooklyn, NY 11209",https://www.zillow.com/homedetails/401-95th-St-2A-Brooklyn-NY-11209/320254782_zpid/
41,"$650,000","3 bds3 ba1,494 sqft - House for sale","1817 E 36th St, Brooklyn, NY 11234",https://www.zillow.com/homedetails/1817-E-36th-St-Brooklyn-NY-11234/30784044_zpid/
42,"$375,000",2 bds1 ba770 sqft - Condo for sale,"400 Cozine Ave APT 8L, Brooklyn, NY 11207",https://www.zillow.com/homedetails/400-Cozine-Ave-APT-8L-Brooklyn-NY-11207/30649327_zpid/
43,"$875,000","3 bds2 ba1,890 sqft - House for sale","1818 Haring St, Brooklyn, NY 11229",https://www.zillow.com/homedetails/1818-Haring-St-Brooklyn-NY-11229/30728959_zpid/
44,"$4,750,000",5 bds6 ba-- sqft - Townhouse for sale,"29 Prospect Pl, Brooklyn, NY 11217",https://www.zillow.com/homedetails/29-Prospect-Pl-Brooklyn-NY-11217/2111758424_zpid/
45,"$1,100,000","4 bds2 ba2,640 sqft - House for sale","2137 67th St, Brooklyn, NY 11204",https://www.zillow.com/homedetails/2137-67th-St-Brooklyn-NY-11204/30682566_zpid/
46,"$958,000","3 bds2 ba1,360 sqft - House for sale","1925 Haring St, Brooklyn, NY 11229",https://www.zillow.com/homedetails/1925-Haring-St-Brooklyn-NY-11229/30742714_zpid/
47,"$1,299,000","6 bds2 ba2,160 sqft - Multi-family home for sale","149 Lefferts Avenue, Prospect Lefferts Gardens, NY 11225",https://www.zillow.com/homedetails/149-Lefferts-Ave-Brooklyn-NY-11225/30595204_zpid/
48,"$279,000",2 bds1 ba-- sqft - Condo for sale,"1165 E 54th St APT 3A, Brooklyn, NY 11234",https://www.zillow.com/homedetails/1165-E-54th-St-APT-3A-Brooklyn-NY-11234/245057001_zpid/
49,"$775,000","4 bds3 ba1,767 sqft - Multi-family home for sale","1403 Troy Ave, Brooklyn, NY 11203",https://www.zillow.com/homedetails/1403-Troy-Ave-Brooklyn-NY-11203/30663494_zpid/
50,"$525,000","1 bd1 ba5,500 sqft - Condo for sale","85 8th Ave #4, Brooklyn, NY 11215",https://www.zillow.com/homedetails/85-8th-Ave-4-Brooklyn-NY-11215/30586862_zpid/
51,"$1,799,000","3 bds3 ba1,552 sqft - Townhouse for sale","150 78th St, Brooklyn, NY 11209",https://www.zillow.com/homedetails/150-78th-St-Brooklyn-NY-11209/30696762_zpid/
52,"$4,575,000","3 bds3 ba1,814 sqft - Condo for sale","115 York St PENTHOUSE 20D, Brooklyn, NY 11201",https://www.zillow.com/homedetails/115-York-St-PENTHOUSE-20D-Brooklyn-NY-11201/2060656898_zpid/
53,"$1,150,000","4 bds4 ba2,430 sqft - Multi-family home for sale","2219 E 27th St, Brooklyn, NY 11229",https://www.zillow.com/homedetails/2219-E-27th-St-Brooklyn-NY-11229/30746304_zpid/
54,"$2,998,000","4 bds4 ba3,600 sqft - House for sale","64 87th St, Brooklyn, NY 11209",https://www.zillow.com/homedetails/64-87th-St-Brooklyn-NY-11209/30699866_zpid/
55,"$3,500,000","4 bds5 ba3,432 sqft - House for sale","7422 14th Ave, Brooklyn, NY 11228",https://www.zillow.com/homedetails/7422-14th-Ave-Brooklyn-NY-11228/30705444_zpid/
56,"$3,750,000","8 bds5 ba7,480 sqft - House for sale","1806 Ditmas Ave, Brooklyn, NY 11226",https://www.zillow.com/homedetails/1806-Ditmas-Ave-Brooklyn-NY-11226/30669024_zpid/
57,"$8,450,000","6 bds6 ba5,003 sqft - Townhouse for sale","282 Garfield Pl, Brooklyn, NY 11215",https://www.zillow.com/homedetails/282-Garfield-Pl-Brooklyn-NY-11215/30587214_zpid/
58,"$8,450,000","12 bds9 ba7,372 sqft - House for sale","151 Columbia Hts, Brooklyn, NY 11201",https://www.zillow.com/homedetails/151-Columbia-Hts-Brooklyn-NY-11201/2105623452_zpid/
59,"$2,499,000","5 bds5 ba2,592 sqft - House for sale","540 E 23rd St, Brooklyn, NY 11210",https://www.zillow.com/homedetails/540-E-23rd-St-Brooklyn-NY-11210/142926331_zpid/
60,"$1,799,000","3 bds3 ba1,552 sqft - Townhouse for sale","150 78th St, Brooklyn, NY 11209",https://www.zillow.com/homedetails/150-78th-St-Brooklyn-NY-11209/30696762_zpid/
61,"$14,975,000","3 bds5 ba4,000 sqft - House for sale","12 College Pl, Brooklyn, NY 11201",https://www.zillow.com/homedetails/12-College-Pl-Brooklyn-NY-11201/2062647411_zpid/
62,"$465,000",2 bds1 ba-- sqft - Condo for sale,"876 Macon St APT 3B, Brooklyn, NY 11233",https://www.zillow.com/homedetails/876-Macon-St-APT-3B-Brooklyn-NY-11233/2123384643_zpid/
63,"$3,810,000","5 bds3 ba4,380 sqft - Multi-family home for sale","8220 12th Ave, Brooklyn, NY 11228",https://www.zillow.com/homedetails/8220-12th-Ave-Brooklyn-NY-11228/30709742_zpid/
64,"$998,000","3 bds2 ba1,216 sqft - House for sale","1951 W 4th St, Brooklyn, NY 11223",https://www.zillow.com/homedetails/1951-W-4th-St-Brooklyn-NY-11223/30734721_zpid/
65,"$649,000",1 bd1 ba500 sqft - Condo for sale,"78 8th Ave APT 6C, Brooklyn, NY 11215",https://www.zillow.com/homedetails/78-8th-Ave-APT-6C-Brooklyn-NY-11215/79715128_zpid/
66,"$448,888","3 bds2 ba1,134 sqft - House for sale","410 Vermont St, Brooklyn, NY 11207",https://www.zillow.com/homedetails/410-Vermont-St-Brooklyn-NY-11207/30634714_zpid/
67,"$2,700,000","2 bds3 ba2,285 sqft - Condo for sale","239 President St #1, Brooklyn, NY 11231",https://www.zillow.com/homedetails/239-President-St-1-Brooklyn-NY-11231/2060675352_zpid/
68,"$868,888","4 bds3 ba1,982 sqft - Multi-family home for sale","1864 Brown St, Brooklyn, NY 11229",https://www.zillow.com/homedetails/1864-Brown-St-Brooklyn-NY-11229/30729025_zpid/
69,"$1,288,000","4 bds3 ba2,036 sqft - House for sale","1964 W 13th St, Brooklyn, NY 11223",https://www.zillow.com/homedetails/1964-W-13th-St-Brooklyn-NY-11223/30734086_zpid/
70,"$1,149,000","3 bds3 ba1,776 sqft - House for sale","8713 23rd Ave, Brooklyn, NY 11214",https://www.zillow.com/homedetails/8713-23rd-Ave-Brooklyn-NY-11214/30730140_zpid/
71,"$589,000","2 bds1 ba1,083 sqft - Condo for sale","2080 77th St APT 1A, Brooklyn, NY 11214",https://www.zillow.com/homedetails/2080-77th-St-APT-1A-Brooklyn-NY-11214/30707463_zpid/
72,"$2,500,000","3 bds3 ba1,600 sqft - Condo for sale","280 Saint Marks Ave #TOWNHOUSE H, Brooklyn, NY 11238",https://www.zillow.com/homedetails/280-Saint-Marks-Ave-TOWNHOUSE-H-Brooklyn-NY-11238/300075228_zpid/
73,"$209,000",1 bd1 ba750 sqft - Condo for sale,"2260 Burnett St APT 1A, Brooklyn, NY 11229",https://www.zillow.com/homedetails/2260-Burnett-St-APT-1A-Brooklyn-NY-11229/121709858_zpid/
74,"$799,000","4 bds2 ba1,584 sqft - House for sale","19 Hyman Ct, Brooklyn, NY 11229",https://www.zillow.com/homedetails/19-Hyman-Ct-Brooklyn-NY-11229/30793426_zpid/
75,"$2,950,000","5 bds6 ba4,511 sqft - Multi-family home for sale","191 Lefferts Pl, Brooklyn, NY 11238",https://www.zillow.com/homedetails/191-Lefferts-Pl-Brooklyn-NY-11238/30614741_zpid/
76,"$309,000",1 bd1 ba800 sqft - New construction,"1171 Ocean Parkway UNIT B4, Midwood, NY 11230",https://www.zillow.com/homedetails/1171-Ocean-Pkwy-APT-B4-Brooklyn-NY-11230/2060430805_zpid/
77,"$1,429,000","5 bds3 ba2,080 sqft - Multi-family home for sale","950 71st St, Brooklyn, NY 11228",https://www.zillow.com/homedetails/950-71st-St-Brooklyn-NY-11228/30693778_zpid/
78,"$535,000","6 bds2 ba2,024 sqft - Multi-family home for sale","77 Euclid Ave, Brooklyn, NY 11208",https://www.zillow.com/homedetails/77-Euclid-Ave-Brooklyn-NY-11208/30641521_zpid/
79,"$1,149,000","3 bds3 ba1,776 sqft - House for sale","8713 23rd Ave, Brooklyn, NY 11214",https://www.zillow.com/homedetails/8713-23rd-Ave-Brooklyn-NY-11214/30730140_zpid/
80,"$849,000","4 bds3 ba1,624 sqft - Multi-family home for sale","1793 W 8th St, Brooklyn, NY 11223",https://www.zillow.com/homedetails/1793-W-8th-St-Brooklyn-NY-11223/30721689_zpid/
81,"$269,000",2 bds1 ba967 sqft - Condo for sale,"10 E 43rd St APT 5E, Brooklyn, NY 11203",https://www.zillow.com/homedetails/10-E-43rd-St-APT-5E-Brooklyn-NY-11203/245015891_zpid/
82,"$848,000",3 bds2 ba-- sqft - Multi-family home for sale,"2382 Brigham Street, Sheepshead Bay, NY 11229",https://www.zillow.com/homedetails/2382-Brigham-St-Brooklyn-NY-11229/30747501_zpid/
83,"$1,429,000","5 bds3 ba2,080 sqft - Multi-family home for sale","950 71st St, Brooklyn, NY 11228",https://www.zillow.com/homedetails/950-71st-St-Brooklyn-NY-11228/30693778_zpid/
84,"$2,495,000","5 bds3 ba3,120 sqft - Multi-family home for sale","336 Park Pl, Brooklyn, NY 11238",https://www.zillow.com/homedetails/336-Park-Pl-Brooklyn-NY-11238/30590488_zpid/
85,"$3,500,000","4 bds4 ba2,920 sqft - Multi-family home for sale","330B President St, Brooklyn, NY 11231",https://www.zillow.com/homedetails/330B-President-St-Brooklyn-NY-11231/2060943500_zpid/
86,"$974,999","3 bds2 ba1,384 sqft - House for sale","1175 86th Street, Dyker Heights, NY 11228",https://www.zillow.com/homedetails/1175-86th-St-Brooklyn-NY-11228/30711199_zpid/
87,"$2,499,000","4 bds5 ba4,600 sqft - House for sale","8 Whitman Dr, Brooklyn, NY 11234",https://www.zillow.com/homedetails/8-Whitman-Dr-Brooklyn-NY-11234/30788219_zpid/
88,"$499,000",3 bds2 ba-- sqft - House for sale,"1065 Hendrix Street, East New York, NY 11207",https://www.zillow.com/homedetails/1065-Hendrix-St-Brooklyn-NY-11207/30648806_zpid/
89,"$499,000",1 bd1 ba519 sqft - Multi-family home for sale,"467 Tompkins Ave #3A, Brooklyn, NY 11216",https://www.zillow.com/homedetails/467-Tompkins-Ave-3A-Brooklyn-NY-11216/2060501899_zpid/
90,"$920,000","4 bds3 ba1,727 sqft - Multi-family home for sale","690 Fenimore St, Brooklyn, NY 11203",https://www.zillow.com/homedetails/690-Fenimore-St-Brooklyn-NY-11203/30657540_zpid/
91,"$1,195,000","1 bd2 ba1,085 sqft - Condo for sale","37 Bridge St APT 1D, Brooklyn, NY 11201",https://www.zillow.com/homedetails/37-Bridge-St-APT-1D-Brooklyn-NY-11201/116172208_zpid/
92,"$1,199,000",2 bds2 ba960 sqft - Condo for sale,"87 Lafayette Ave APT 1, Brooklyn, NY 11217",https://www.zillow.com/homedetails/87-Lafayette-Ave-APT-1-Brooklyn-NY-11217/64527921_zpid/
93,"$1,495,000","4 bds3 ba2,250 sqft - House for sale","576 76th St, Brooklyn, NY 11209",https://www.zillow.com/homedetails/576-76th-St-Brooklyn-NY-11209/30695959_zpid/
94,"$1,595,000",2 bds2 ba-- sqft - Condo for sale,"123 Pierrepont St APT 2A, Brooklyn, NY 11201",https://www.zillow.com/homedetails/123-Pierrepont-St-APT-2A-Brooklyn-NY-11201/79715460_zpid/
95,"$750,000",1 bd1 ba499 sqft - Condo for sale,"120 Java St #1A, Brooklyn, NY 11222",https://www.zillow.com/homedetails/120-Java-St-1A-Brooklyn-NY-11222/2066501241_zpid/
96,"$1,499,000","2 bds2 ba1,058 sqft - Condo for sale","31 N Elliott Pl #5, Brooklyn, NY 11205",https://www.zillow.com/homedetails/31-N-Elliott-Pl-5-Brooklyn-NY-11205/2060659817_zpid/
97,"$1,580,000","4 bds2 ba1,980 sqft - House for sale","2814 Avenue R, Brooklyn, NY 11229",https://www.zillow.com/homedetails/2814-Avenue-R-Brooklyn-NY-11229/30728859_zpid/
98,"$750,000","4 bds2 ba1,500 sqft - Townhouse for sale","2156 Beverley Rd, Brooklyn, NY 11226",https://www.zillow.com/homedetails/2156-Beverley-Rd-Brooklyn-NY-11226/30667805_zpid/
99,"$1,199,000",2 bds2 ba960 sqft - Condo for sale,"87 Lafayette Ave APT 1, Brooklyn, NY 11217",https://www.zillow.com/homedetails/87-Lafayette-Ave-APT-1-Brooklyn-NY-11217/64527921_zpid/
100,"$1,995,000","4 bds4 ba2,380 sqft - Multi-family home for sale","176 Terrace Pl, Brooklyn, NY 11218",https://www.zillow.com/homedetails/176-Terrace-Pl-Brooklyn-NY-11218/30670434_zpid/
101,"$1,385,000","4 bds3 ba2,295 sqft - Multi-family home for sale","789 Lexington Ave, Brooklyn, NY 11221",https://www.zillow.com/homedetails/789-Lexington-Ave-Brooklyn-NY-11221/30603018_zpid/
102,"$1,499,000","5 bds3 ba2,200 sqft - Multi-family home for sale","25 72nd St, Brooklyn, NY 11209",https://www.zillow.com/homedetails/25-72nd-St-Brooklyn-NY-11209/30693162_zpid/
103,"$3,999,999","8 bds10 ba5,700 sqft - Apartment for sale","1325 Prospect Pl #A, Brooklyn, NY 11213",https://www.zillow.com/homedetails/1325-Prospect-Pl-A-Brooklyn-NY-11213/2067950125_zpid/
104,"$600,000","4 bds2 ba1,600 sqft - Condo for sale","3130 Brighton 6 St #5K, Brooklyn, NY 11235",https://www.zillow.com/homedetails/3130-Brighton-6-St-5K-Brooklyn-NY-11235/2063190194_zpid/
105,"$1,580,000","4 bds2 ba1,980 sqft - House for sale","2814 Avenue R, Brooklyn, NY 11229",https://www.zillow.com/homedetails/2814-Avenue-R-Brooklyn-NY-11229/30728859_zpid/
106,"$474,900","3 bds2 ba1,344 sqft - House for sale","1614 E 96th St, Brooklyn, NY 11236",https://www.zillow.com/homedetails/1614-E-96th-St-Brooklyn-NY-11236/30779145_zpid/
107,"$1,799,000","5 bds3 ba3,663 sqft - Multi-family home for sale","700 Park Pl, Brooklyn, NY 11216",https://www.zillow.com/homedetails/700-Park-Pl-Brooklyn-NY-11216/30592109_zpid/
108,"$580,000",1 bd1 ba-- sqft - Condo for sale,"527 8th St APT 1C, Brooklyn, NY 11215",https://www.zillow.com/homedetails/527-8th-St-APT-1C-Brooklyn-NY-11215/244992890_zpid/
109,"$640,000","2 bds2 ba1,121 sqft - Condo for sale","526 Avenue Z APT 1C, Brooklyn, NY 11223",https://www.zillow.com/homedetails/526-Avenue-Z-APT-1C-Brooklyn-NY-11223/123982419_zpid/
110,"$274,999",2 bds1 ba750 sqft - Condo for sale,"1402 W 4th St APT E6, Brooklyn, NY 11204",https://www.zillow.com/homedetails/1402-W-4th-St-APT-E6-Brooklyn-NY-11204/245055886_zpid/
111,"$799,000","5 bds2 ba2,201 sqft - Multi-family home for sale","29 Avenue X, Brooklyn, NY 11223",https://www.zillow.com/homedetails/29-Avenue-X-Brooklyn-NY-11223/30738416_zpid/
112,"$219,000",1 bd1 ba600 sqft - Condo for sale,"9524 Fort Hamilton #102, Brooklyn, NY 11209",https://www.zillow.com/homedetails/9524-Fort-Hamilton-102-Brooklyn-NY-11209/2061985199_zpid/
113,"$195,500","3 bds1 ba1,100 sqft - Condo for sale","2285 Bragg St APT 5C, Brooklyn, NY 11229",https://www.zillow.com/homedetails/2285-Bragg-St-APT-5C-Brooklyn-NY-11229/2070546579_zpid/
114,"$869,000","6 bds3 ba2,284 sqft - Multi-family home for sale","197 Lincoln Ave, Brooklyn, NY 11208",https://www.zillow.com/homedetails/197-Lincoln-Ave-Brooklyn-NY-11208/30642988_zpid/
115,"$1,700,000","2 bds3 ba1,700 sqft - Condo for sale","159 Carlton Ave APT 1C, Brooklyn, NY 11205",https://www.zillow.com/homedetails/159-Carlton-Ave-APT-1C-Brooklyn-NY-11205/30615168_zpid/
116,"$950,000","1 bd1 ba1,539 sqft - Apartment for sale","3723 Avenue S, Brooklyn, NY 11234",https://www.zillow.com/homedetails/3723-Avenue-S-Brooklyn-NY-11234/2096710647_zpid/
117,"$598,000",1 bd1 ba739 sqft - Condo for sale,"1238 63rd St #D447, Brooklyn, NY 11219",https://www.zillow.com/homedetails/1238-63rd-St-D447-Brooklyn-NY-11219/2064320089_zpid/
118,"$975,000",6 bds3 ba-- sqft - Multi-family home for sale,"829 New Lots Ave, East New York, NY 11208",https://www.zillow.com/homedetails/829-New-Lots-Ave-Brooklyn-NY-11208/30641259_zpid/
119,"$3,200,000","9 bds8 ba6,700 sqft - Multi-family home for sale","67 Driggs Avenue UNIT 7, Greenpoint, NY 11222",https://www.zillow.com/homedetails/67-Driggs-Ave-7-Brooklyn-NY-11222/2060432267_zpid/
120,"$495,000",2 bds1 ba593 sqft - Condo for sale,"785 E 34th St APT 4A, Brooklyn, NY 11210",https://www.zillow.com/homedetails/785-E-34th-St-APT-4A-Brooklyn-NY-11210/2061542708_zpid/
121,"$2,950,000","4 bds7 ba3,300 sqft - House for sale","10 Arlington Pl, Brooklyn, NY 11216",https://www.zillow.com/homedetails/10-Arlington-Pl-Brooklyn-NY-11216/30610671_zpid/
122,"$1,500,000","3 bds3 ba3,160 sqft - Multi-family home for sale","305 83rd St, Brooklyn, NY 11209",https://www.zillow.com/homedetails/305-83rd-St-Brooklyn-NY-11209/30698536_zpid/
123,"$468,000",1 bd1 ba447 sqft - Condo for sale,"1759 Bay Ridge Pkwy #4B, Brooklyn, NY 11204",https://www.zillow.com/homedetails/1759-Bay-Ridge-Pkwy-4B-Brooklyn-NY-11204/2060451629_zpid/
124,"$899,000",2 bds1 ba-- sqft - Condo for sale,"454 15th St APT 1R, Brooklyn, NY 11215",https://www.zillow.com/homedetails/454-15th-St-APT-1R-Brooklyn-NY-11215/245016856_zpid/
125,"$2,295,000","3 bds2 ba1,272 sqft - Condo for sale","101 Douglass St, Brooklyn, NY 11231",https://www.zillow.com/homedetails/101-Douglass-St-Brooklyn-NY-11231/30571774_zpid/
126,"$1,599,000","6 bds3 ba1,960 sqft - Multi-family home for sale","1472 84th St, Brooklyn, NY 11228",https://www.zillow.com/homedetails/1472-84th-St-Brooklyn-NY-11228/30710700_zpid/
127,"$1,750,000","3 bds4 ba2,472 sqft - House for sale","216 Dover St, Brooklyn, NY 11235",https://www.zillow.com/homedetails/216-Dover-St-Brooklyn-NY-11235/30790873_zpid/
128,"$574,900",2 bds1 ba729 sqft - Foreclosure,"306 Lincoln Road UNIT 2L, Prospect Lefferts Gardens, NY 11225",https://www.zillow.com/homedetails/306-Lincoln-Rd-APT-2L-Brooklyn-NY-11225/83049371_zpid/
129,"$1,350,000","5 bds2 ba2,365 sqft - Multi-family home for sale","190A Decatur Street, Bedford-Stuyvesant, NY 11233",https://www.zillow.com/homedetails/190A-Decatur-St-Brooklyn-NY-11233/2062252039_zpid/
130,"$669,000",1 bd1 ba741 sqft - Condo for sale,"764 Metropolitan Ave #TOWNHOUSE, Brooklyn, NY 11211",https://www.zillow.com/homedetails/764-Metropolitan-Ave-TOWNHOUSE-Brooklyn-NY-11211/2061484997_zpid/
131,"$950,000",2 bds1 ba-- sqft - Condo for sale,"232 President St APT 3R, Brooklyn, NY 11231",https://www.zillow.com/homedetails/232-President-St-APT-3R-Brooklyn-NY-11231/119911395_zpid/
132,"$1,499,999","6 bds4 ba2,760 sqft - Multi-family home for sale","1141 E 26th St, Brooklyn, NY 11210",https://www.zillow.com/homedetails/1141-E-26th-St-Brooklyn-NY-11210/30753165_zpid/
133,"$11,850,000","5 bds5 ba6,000 sqft - Townhouse for sale","104 Willow St, Brooklyn, NY 11201",https://www.zillow.com/homedetails/104-Willow-St-Brooklyn-NY-11201/30567435_zpid/
134,"$3,999,999","8 bds10 ba5,700 sqft - Apartment for sale","1325 Prospect Pl #A, Brooklyn, NY 11213",https://www.zillow.com/homedetails/1325-Prospect-Pl-A-Brooklyn-NY-11213/2067950125_zpid/
135,"$1,950,000","-- bds4 ba3,000 sqft - Multi-family home for sale","1735 71st St, Brooklyn, NY 11204",https://www.zillow.com/homedetails/1735-71st-St-Brooklyn-NY-11204/30703394_zpid/
136,"$11,850,000","5 bds5 ba6,000 sqft - Townhouse for sale","104 Willow St, Brooklyn, NY 11201",https://www.zillow.com/homedetails/104-Willow-St-Brooklyn-NY-11201/30567435_zpid/
137,"$399,000",Studio 1 ba-- sqft - Condo for sale,"55 Eastern Pkwy APT 6F, Brooklyn, NY 11238",https://www.zillow.com/homedetails/55-Eastern-Pkwy-APT-6F-Brooklyn-NY-11238/245052467_zpid/
138,"$2,750,000","5 bds3 ba2,650 sqft - Townhouse for sale","48 Dikeman St, Brooklyn, NY 11231",https://www.zillow.com/homedetails/48-Dikeman-St-Brooklyn-NY-11231/30573444_zpid/
139,"$260,000",2 bds1 ba850 sqft - Condo for sale,"5818 Avenue T #155D, Brooklyn, NY 11234",https://www.zillow.com/homedetails/5818-Avenue-T-155D-Brooklyn-NY-11234/114409388_zpid/
140,"$500,000",1 bd1 ba620 sqft - Condo for sale,"893 Myrtle Ave APT 2B, Brooklyn, NY 11206",https://www.zillow.com/homedetails/893-Myrtle-Ave-APT-2B-Brooklyn-NY-11206/83049025_zpid/
141,"$4,295,000","4 bds3 ba2,461 sqft - Condo for sale","256 N 9th St PENTHOUSE 1, Brooklyn, NY 11211",https://www.zillow.com/homedetails/256-N-9th-St-PENTHOUSE-1-Brooklyn-NY-11211/2061508771_zpid/
142,"$670,000","1 bd1 ba448,000 sqft - Condo for sale","345 Clinton Ave APT 4A, Brooklyn, NY 11238",https://www.zillow.com/homedetails/345-Clinton-Ave-APT-4A-Brooklyn-NY-11238/245000836_zpid/
143,"$950,000","3 bds2 ba1,328 sqft - House for sale","1120 E 15th St, Brooklyn, NY 11230",https://www.zillow.com/homedetails/1120-E-15th-St-Brooklyn-NY-11230/30724998_zpid/
144,"$1,175,000",3 bds2 ba967 sqft - Condo for sale,"539 Hart St, Brooklyn, NY 11221",https://www.zillow.com/homedetails/539-Hart-St-Brooklyn-NY-11221/30625434_zpid/
145,"$1,200,000","2 bds1 ba1,179 sqft - Condo for sale","176 Johnson St APT 7E, Brooklyn, NY 11201",https://www.zillow.com/homedetails/176-Johnson-St-APT-7E-Brooklyn-NY-11201/64611011_zpid/
146,"$1,399,000","4 bds3 ba2,415 sqft - Multi-family home for sale","1568 81st St, Brooklyn, NY 11228",https://www.zillow.com/homedetails/1568-81st-St-Brooklyn-NY-11228/30709467_zpid/
147,"$1,450,000","3 bds2 ba1,004 sqft - Condo for sale","261 Union Ave UNIT 6, Brooklyn, NY 11211",https://www.zillow.com/homedetails/261-Union-Ave-UNIT-6-Brooklyn-NY-11211/2078779768_zpid/
148,"$1,200,000",1 bd1 ba925 sqft - Condo for sale,"55 7th Ave #3, Brooklyn, NY 11217",https://www.zillow.com/homedetails/55-7th-Ave-3-Brooklyn-NY-11217/245055203_zpid/
149,"$499,000",3 bds2 ba-- sqft - House for sale,"1065 Hendrix Street, East New York, NY 11207",https://www.zillow.com/homedetails/1065-Hendrix-St-Brooklyn-NY-11207/30648806_zpid/
150,"$1,419,000","3 bds3 ba2,900 sqft - House for sale","2712 Arkansas Dr, Brooklyn, NY 11234",https://www.zillow.com/homedetails/2712-Arkansas-Dr-Brooklyn-NY-11234/30787729_zpid/
151,"$910,000","3 bds2 ba1,100 sqft - Condo for sale","115 Ashland Pl APT 14D, Brooklyn, NY 11201",https://www.zillow.com/homedetails/115-Ashland-Pl-APT-14D-Brooklyn-NY-11201/2074085649_zpid/
152,"$996,000",1 bd1 ba712 sqft - Condo for sale,"429 Kent Ave #328, Brooklyn, NY 11249",https://www.zillow.com/homedetails/429-Kent-Ave-328-Brooklyn-NY-11249/216109255_zpid/
153,"$895,000","3 bds2 ba1,332 sqft - House for sale","1836 W 4th St, Brooklyn, NY 11223",https://www.zillow.com/homedetails/1836-W-4th-St-Brooklyn-NY-11223/30723015_zpid/
154,"$1,499,000","3 bds3 ba2,000 sqft - House for sale","1821 Avenue V, Brooklyn, NY 11229",https://www.zillow.com/homedetails/1821-Avenue-V-Brooklyn-NY-11229/30744597_zpid/
155,"$1,195,000","4 bds3 ba2,460 sqft - House for sale","271 92nd St, Brooklyn, NY 11209",https://www.zillow.com/homedetails/271-92nd-St-Brooklyn-NY-11209/30700911_zpid/
156,"$868,000","4 bds3 ba2,760 sqft - Multi-family home for sale","2071 E 52nd St, Brooklyn, NY 11234",https://www.zillow.com/homedetails/2071-E-52nd-St-Brooklyn-NY-11234/30786862_zpid/
157,"$329,000",1 bd1 ba800 sqft - House for sale,"50 Brighton 1 Rd #1H, Brooklyn, NY 11235",https://www.zillow.com/homedetails/50-Brighton-1-Rd-1H-Brooklyn-NY-11235/2065775934_zpid/
158,"$5,800,000","9 bds6 ba6,250 sqft - Townhouse for sale","177 Atlantic Ave, Brooklyn, NY 11201",https://www.zillow.com/homedetails/177-Atlantic-Ave-Brooklyn-NY-11201/30568113_zpid/
159,"$938,000","4 bds2 ba1,920 sqft - Multi-family home for sale","1871 Shore Pkwy, Brooklyn, NY 11214",https://www.zillow.com/homedetails/1871-Shore-Pkwy-Brooklyn-NY-11214/30731929_zpid/
160,"$419,500",1 bd1 ba367 sqft - Condo for sale,"156 Macon St #3B, Brooklyn, NY 11216",https://www.zillow.com/homedetails/156-Macon-St-3B-Brooklyn-NY-11216/120729775_zpid/
161,"$1,449,000","5 bds3 ba2,900 sqft - House for sale","2821 Avenue N, Brooklyn, NY 11210",https://www.zillow.com/homedetails/2821-Avenue-N-Brooklyn-NY-11210/30754949_zpid/
162,"$1,135,000",2 bds2 ba-- sqft - Condo for sale,"344 De Graw St #4A, Brooklyn, NY 11231",https://www.zillow.com/homedetails/344-De-Graw-St-4A-Brooklyn-NY-11231/2061584333_zpid/
163,"$329,000",1 bd1 ba850 sqft - Condo for sale,"909 E 29th St APT 3F, Brooklyn, NY 11210",https://www.zillow.com/homedetails/909-E-29th-St-APT-3F-Brooklyn-NY-11210/79982475_zpid/
164,"$628,000","2 bds2 ba1,042 sqft - Condo for sale","3041 Brighton 2 St #1B, Brooklyn, NY 11235",https://www.zillow.com/homedetails/3041-Brighton-2-St-1B-Brooklyn-NY-11235/2120272314_zpid/
165,"$370,000","2 bds1 ba1,000 sqft - Condo for sale","2652 Cropsey Ave APT 12F, Brooklyn, NY 11214",https://www.zillow.com/homedetails/2652-Cropsey-Ave-APT-12F-Brooklyn-NY-11214/2060843595_zpid/
166,"$449,000",1 bd1 ba472 sqft - Condo for sale,"1759 Bay Ridge Pkwy APT 2A, Brooklyn, NY 11204",https://www.zillow.com/homedetails/1759-Bay-Ridge-Pkwy-APT-2A-Brooklyn-NY-11204/2060523364_zpid/
167,"$809,000","3 bds1 ba1,330 sqft - House for sale","633 92nd St, Brooklyn, NY 11228",https://www.zillow.com/homedetails/633-92nd-St-Brooklyn-NY-11228/30701094_zpid/
168,"$699,995","3 bds2 ba1,280 sqft - Multi-family home for sale","3906 Clarendon Rd, Brooklyn, NY 11203",https://www.zillow.com/homedetails/3906-Clarendon-Rd-Brooklyn-NY-11203/30661708_zpid/
169,"$539,000",3 bds2 ba788 sqft - House for sale,"1747 Albany Ave, Brooklyn, NY 11210",https://www.zillow.com/homedetails/1747-Albany-Ave-Brooklyn-NY-11210/30758611_zpid/
170,"$399,000","3 bds1 ba1,100 sqft - Condo for sale","2427 E 29th St APT 6E, Brooklyn, NY 11235",https://www.zillow.com/homedetails/2427-E-29th-St-APT-6E-Brooklyn-NY-11235/245024754_zpid/
